zip,lat,lon
75001,32.960047,-96.83724
75002,33.089854,-96.6086
75006,32.962141,-96.898585
75007,33.005262,-96.896742
75009,33.338899,-96.752977
75010,33.039081,-96.872596
75013,33.114327,-96.693964
75019,32.961253,-96.985817
75022,33.024484,-97.119504
75023,33.056789,-96.730859
75024,33.077854,-96.811028
75025,33.090085,-96.740008
75028,33.032998,-97.064618
75032,32.857112,-96.43121
75033,33.184818,-96.844308
75034,33.121286,-96.838536
75035,33.166306,-96.775635
75036,33.133351,-96.914663
75038,32.87226,-96.97881
75039,32.884959,-96.937297
75040,32.928902,-96.619782
75041,32.880196,-96.651555
75042,32.914495,-96.674995
75043,32.855772,-96.578214
75044,32.964609,-96.649688
75048,32.969015,-96.579523
75050,32.773069,-97.005227
75051,32.725591,-96.992072
75052,32.664684,-97.029478
75054,32.613848,-97.025353
75056,33.075699,-96.908088
75057,33.050725,-96.974623
75060,32.798049,-96.952563
75061,32.825907,-96.966915
75062,32.84737,-96.957871
75063,32.910627,-97.000481
75065,33.11034,-97.00545
75067,33.016102,-96.998962
75068,33.177497,-96.952388
75069,33.164093,-96.59544
75070,33.154678,-96.696669
75071,33.245816,-96.63072
75072,33.187899,-96.699951
75074,33.033284,-96.672758
75075,33.021268,-96.741558
75077,33.081178,-97.060925
75078,33.241332,-96.812388
75080,32.976063,-96.74208
75081,32.949566,-96.70742
75082,32.994599,-96.666758
75087,32.948579,-96.442091
75088,32.891629,-96.541754
75089,32.937583,-96.544174
75093,33.034224,-96.811608
75094,33.01983,-96.613463
75098,33.014492,-96.534832
75104,32.584814,-96.972312
75114,32.616552,-96.443365
75115,32.599427,-96.864075
75116,32.66066,-96.911882
75119,32.323915,-96.590333
75125,32.53675,-96.621707
75126,32.742601,-96.452883
75134,32.622839,-96.779517
75135,33.067548,-96.224353
75137,32.634831,-96.91341
75141,32.639977,-96.693284
75142,32.568163,-96.250215
75143,32.364579,-96.244987
75146,32.566313,-96.748636
75147,32.426069,-96.06456
75149,32.773369,-96.618811
75150,32.813863,-96.63098
75152,32.439871,-96.678051
75154,32.524259,-96.809069
75158,32.465314,-96.401101
75159,32.604328,-96.5406
75160,32.764343,-96.293313
75161,32.738794,-96.163857
75165,32.371654,-96.80303
75166,33.014721,-96.449374
75167,32.360829,-96.915523
75169,32.703269,-95.994666
75172,32.605321,-96.674073
75173,33.061737,-96.395825
75180,32.719382,-96.618565
75181,32.723894,-96.555946
75182,32.800525,-96.547577
75189,32.942052,-96.311668
75201,32.788309,-96.799572
75202,32.778463,-96.803734
75203,32.744319,-96.801867
75204,32.80219,-96.78889
75205,32.837129,-96.797155
75206,32.831279,-96.771191
75208,32.754622,-96.839633
75209,32.84831,-96.825474
75210,32.771314,-96.747148
75211,32.736827,-96.907506
75212,32.78225,-96.878833
75214,32.828956,-96.742915
75215,32.752897,-96.761
75216,32.711324,-96.781215
75217,32.712583,-96.682045
75218,32.840254,-96.704041
75219,32.810904,-96.813203
75220,32.868529,-96.876118
75223,32.792565,-96.745584
75224,32.711405,-96.838591
75225,32.864887,-96.790359
75226,32.783102,-96.776627
75227,32.76681,-96.6869
75228,32.824924,-96.679438
75229,32.893614,-96.867317
75230,32.902679,-96.793393
75231,32.873494,-96.747555
75232,32.658999,-96.839593
75233,32.703913,-96.871889
75234,32.924853,-96.888139
75235,32.832614,-96.849082
75236,32.688844,-96.93571
75237,32.664916,-96.872401
75238,32.878511,-96.707852
75240,32.930154,-96.792727
75241,32.666747,-96.758878
75243,32.912633,-96.736637
75244,32.925367,-96.836334
75246,32.792496,-96.772763
75248,32.969699,-96.797334
75249,32.636053,-96.964574
75252,32.996776,-96.788479
75253,32.674426,-96.609228
75254,32.944116,-96.80009
75287,32.999309,-96.841688
75401,33.189002,-96.108829
75402,33.067866,-96.08797
75407,33.155697,-96.479577
75409,33.35547,-96.515819
75422,33.139105,-95.92361
75423,33.291919,-96.199842
75424,33.305372,-96.389293
75428,33.274704,-95.917561
75442,33.176073,-96.346433
75453,33.009868,-95.93267
75454,33.282924,-96.561165
75474,32.924005,-96.109433
76001,32.631081,-97.155866
76002,32.621896,-97.093509
76005,32.801114,-97.075615
76006,32.787079,-97.102578
76008,32.682396,-97.626635
76009,32.41621,-97.202071
76010,32.722709,-97.080659
76011,32.75203,-97.082615
76012,32.75513,-97.139242
76013,32.719328,-97.155027
76014,32.692105,-97.086517
76015,32.691638,-97.135959
76016,32.689222,-97.18913
76017,32.662513,-97.164024
76018,32.662289,-97.090382
76020,32.900196,-97.561179
76021,32.852971,-97.130443
76022,32.830632,-97.145045
76023,33.041952,-97.597065
76028,32.532677,-97.306547
76031,32.346162,-97.328078
76033,32.291735,-97.516796
76034,32.891478,-97.149747
76036,32.570974,-97.421275
76039,32.860285,-97.086028
76040,32.819908,-97.102794
76044,32.425936,-97.539874
76050,32.266777,-97.155824
76051,32.942026,-97.07993
76052,32.979054,-97.371308
76053,32.81645,-97.180683
76054,32.857279,-97.178552
76058,32.471765,-97.426814
76059,32.393655,-97.330665
76060,32.639649,-97.217476
76063,32.57074,-97.144837
76064,32.309287,-97.03736
76065,32.469436,-96.99067
76066,32.69621,-97.999217
76071,33.011335,-97.474362
76073,33.095616,-97.721202
76078,33.093,-97.462606
76082,32.970044,-97.733748
76084,32.431715,-97.088354
76085,32.861116,-97.692165
76086,32.752204,-97.78927
76087,32.66842,-97.791086
76088,32.850685,-97.902855
76092,32.954493,-97.148867
76093,32.210022,-97.405815
76102,32.757779,-97.328872
76103,32.748947,-97.272638
76104,32.728391,-97.317852
76105,32.723287,-97.270008
76106,32.816685,-97.359631
76107,32.742058,-97.38173
76108,32.788074,-97.523247
76109,32.70065,-97.386965
76110,32.707831,-97.338265
76111,32.780469,-97.300587
76112,32.747426,-97.217658
76114,32.774573,-97.407427
76115,32.6785,-97.330511
76116,32.720723,-97.447033
76117,32.803436,-97.267376
76118,32.793694,-97.194034
76119,32.691143,-97.261538
76120,32.766511,-97.180715
76123,32.623041,-97.403392
76126,32.648847,-97.514799
76131,32.881821,-97.345943
76132,32.668196,-97.41591
76133,32.652918,-97.379538
76134,32.643558,-97.330104
76135,32.836325,-97.469908
76137,32.859685,-97.291523
76140,32.619935,-97.278061
76148,32.868421,-97.252132
76164,32.780688,-97.353863
76177,32.966541,-97.303778
76179,32.909919,-97.434281
76180,32.840721,-97.224241
76182,32.886498,-97.208097
76201,33.220974,-97.146038
76205,33.192632,-97.129266
76207,33.222016,-97.176122
76208,33.208706,-97.05541
76209,33.2315,-97.109986
76210,33.149467,-97.096016
76225,33.374041,-97.667809
76226,33.105493,-97.17752
76227,33.273393,-96.990395
76234,33.276319,-97.514178
76244,32.927979,-97.276559
76247,33.094299,-97.328642
76248,32.929111,-97.226206
76249,33.278823,-97.30231
76258,33.371085,-96.932195
76259,33.198695,-97.312
76262,33.009665,-97.219981
76266,33.372827,-97.213258
76270,33.461447,-97.758976
76426,33.16006,-97.840034
76431,33.302787,-97.868426
76486,33.014639,-98.05319
76487,32.972482,-97.904879
76651,32.184674,-96.868299
76670,32.136018,-96.988963
