zip,city,county,typical_value,value_1yr_ago,change_1yr,as_of
75001,Addison,Dallas County,480354.0,483595.0,-0.0067,2026-08-31
75002,Allen,Collin County,450215.0,477933.0,-0.058,2026-08-31
75006,Carrollton,Dallas County,347105.0,348521.0,-0.0041,2026-08-31
75007,Carrollton,Denton County,395050.0,405010.0,-0.0246,2026-08-31
75009,Celina,Collin County,515671.0,568197.0,-0.0924,2026-08-31
75010,Carrollton,Denton County,517237.0,528779.0,-0.0218,2026-08-31
75013,Allen,Collin County,640082.0,666602.0,-0.0398,2026-08-31
75019,Coppell,Dallas County,615088.0,616284.0,-0.0019,2026-08-31
75022,Flower Mound,Denton County,768731.0,763569.0,0.0068,2026-08-31
75023,Plano,Collin County,410942.0,426474.0,-0.0364,2026-08-31
75024,Plano,Collin County,623949.0,642627.0,-0.0291,2026-08-31
75025,Plano,Collin County,541904.0,566237.0,-0.043,2026-08-31
75028,Flower Mound,Denton County,530662.0,533667.0,-0.0056,2026-08-31
75032,Rockwall,Rockwall County,526386.0,533607.0,-0.0135,2026-08-31
75033,Frisco,Denton County,648971.0,670462.0,-0.0321,2026-08-31
75034,Frisco,Collin County,662396.0,674185.0,-0.0175,2026-08-31
75035,Frisco,Collin County,627289.0,668183.0,-0.0612,2026-08-31
75036,Frisco,Denton County,552623.0,575745.0,-0.0402,2026-08-31
75038,Irving,Dallas County,457793.0,450783.0,0.0156,2026-08-31
75039,Irving,Dallas County,632692.0,634911.0,-0.0035,2026-08-31
75040,Garland,Dallas County,273070.0,284148.0,-0.039,2026-08-31
75041,Garland,Dallas County,243698.0,254078.0,-0.0409,2026-08-31
75042,Garland,Dallas County,271081.0,280820.0,-0.0347,2026-08-31
75043,Garland,Dallas County,286507.0,295838.0,-0.0315,2026-08-31
75044,Garland,Dallas County,335291.0,343580.0,-0.0241,2026-08-31
75048,Sachse,Dallas County,428381.0,442144.0,-0.0311,2026-08-31
75050,Grand Prairie,Dallas County,274874.0,276132.0,-0.0046,2026-08-31
75051,Grand Prairie,Dallas County,250786.0,252622.0,-0.0073,2026-08-31
75052,Grand Prairie,Dallas County,321793.0,326391.0,-0.0141,2026-08-31
75054,Grand Prairie,Tarrant County,486590.0,487983.0,-0.0029,2026-08-31
75056,The Colony,Denton County,483180.0,496651.0,-0.0271,2026-08-31
75057,Lewisville,Denton County,306588.0,315910.0,-0.0295,2026-08-31
75060,Irving,Dallas County,289083.0,290563.0,-0.0051,2026-08-31
75061,Irving,Dallas County,296926.0,300077.0,-0.0105,2026-08-31
75062,Irving,Dallas County,300873.0,299767.0,0.0037,2026-08-31
75063,Irving,Dallas County,598919.0,598678.0,0.0004,2026-08-31
75065,Lake Dallas,Denton County,389059.0,393430.0,-0.0111,2026-08-31
75067,Lewisville,Denton County,353139.0,366657.0,-0.0369,2026-08-31
75068,Little Elm,Denton County,393886.0,418012.0,-0.0577,2026-08-31
75069,McKinney,Collin County,412918.0,430938.0,-0.0418,2026-08-31
75070,McKinney,Collin County,468629.0,495658.0,-0.0545,2026-08-31
75071,McKinney,Collin County,474284.0,505324.0,-0.0614,2026-08-31
75072,McKinney,Collin County,507309.0,535108.0,-0.052,2026-08-31
75074,Plano,Collin County,359644.0,378375.0,-0.0495,2026-08-31
75075,Plano,Collin County,450787.0,468138.0,-0.0371,2026-08-31
75077,Highland Village,Denton County,486976.0,487115.0,-0.0003,2026-08-31
75078,Prosper,Collin County,732560.0,778382.0,-0.0589,2026-08-31
75080,Richardson,Dallas County,447922.0,438333.0,0.0219,2026-08-31
75081,Richardson,Dallas County,385831.0,385985.0,-0.0004,2026-08-31
75082,Richardson,Collin County,537634.0,557388.0,-0.0354,2026-08-31
75087,Rockwall,Rockwall County,444885.0,452593.0,-0.017,2026-08-31
75088,Rowlett,Dallas County,353634.0,364444.0,-0.0297,2026-08-31
75089,Rowlett,Dallas County,371670.0,382016.0,-0.0271,2026-08-31
75093,Plano,Collin County,732354.0,744479.0,-0.0163,2026-08-31
75094,Murphy,Collin County,563182.0,587595.0,-0.0415,2026-08-31
75098,Wylie,Collin County,415098.0,439430.0,-0.0554,2026-08-31
75104,Cedar Hill,Dallas County,308282.0,311795.0,-0.0113,2026-08-31
75114,Crandall,Kaufman County,254269.0,264741.0,-0.0396,2026-08-31
75115,Desoto,Dallas County,322906.0,327311.0,-0.0135,2026-08-31
75116,Duncanville,Dallas County,272911.0,274805.0,-0.0069,2026-08-31
75119,Ennis,Ellis County,264944.0,270448.0,-0.0204,2026-08-31
75125,Ferris,Ellis County,291047.0,293236.0,-0.0075,2026-08-31
75126,Forney,Kaufman County,307269.0,323756.0,-0.0509,2026-08-31
75134,Lancaster,Dallas County,260044.0,266677.0,-0.0249,2026-08-31
75135,Caddo Mills,Hunt County,313301.0,323697.0,-0.0321,2026-08-31
75137,Duncanville,Dallas County,281487.0,282423.0,-0.0033,2026-08-31
75141,Hutchins,Dallas County,245240.0,255269.0,-0.0393,2026-08-31
75142,Kaufman,Kaufman County,300700.0,295368.0,0.0181,2026-08-31
75143,Kemp,Kaufman County,278844.0,282102.0,-0.0115,2026-08-31
75146,Lancaster,Dallas County,278551.0,284464.0,-0.0208,2026-08-31
75147,Mabank,Van Zandt County,277525.0,278469.0,-0.0034,2026-08-31
75149,Mesquite,Dallas County,235866.0,240942.0,-0.0211,2026-08-31
75150,Mesquite,Dallas County,250622.0,256759.0,-0.0239,2026-08-31
75152,Palmer,Ellis County,321319.0,321644.0,-0.001,2026-08-31
75154,Red Oak,Ellis County,348717.0,355479.0,-0.019,2026-08-31
75158,Scurry,Kaufman County,352432.0,344973.0,0.0216,2026-08-31
75159,Seagoville,Dallas County,277445.0,285271.0,-0.0274,2026-08-31
75160,Terrell,Kaufman County,262082.0,267202.0,-0.0192,2026-08-31
75161,Terrell,Kaufman County,358237.0,350129.0,0.0232,2026-08-31
75165,Waxahachie,Ellis County,349003.0,355182.0,-0.0174,2026-08-31
75166,Lavon,Collin County,340878.0,369437.0,-0.0773,2026-08-31
75167,Waxahachie,Ellis County,504747.0,503473.0,0.0025,2026-08-31
75169,Wills Point,Van Zandt County,272818.0,272749.0,0.0003,2026-08-31
75172,Wilmer,Dallas County,217059.0,221468.0,-0.0199,2026-08-31
75173,Lavon,Collin County,333931.0,352389.0,-0.0524,2026-08-31
75180,Balch Springs,Dallas County,218106.0,226066.0,-0.0352,2026-08-31
75181,Mesquite,Dallas County,314145.0,325972.0,-0.0363,2026-08-31
75182,Sunnyvale,Dallas County,634234.0,629742.0,0.0071,2026-08-31
75189,Royse City,Rockwall County,316674.0,331494.0,-0.0447,2026-08-31
75201,Dallas,Dallas County,976136.0,950409.0,0.0271,2026-08-31
75202,Dallas,Dallas County,268740.0,287029.0,-0.0637,2026-08-31
75203,Dallas,Dallas County,202114.0,210625.0,-0.0404,2026-08-31
75204,Dallas,Dallas County,491001.0,497433.0,-0.0129,2026-08-31
75205,Highland Park,Dallas County,2121599.0,1983589.0,0.0696,2026-08-31
75206,Dallas,Dallas County,608484.0,591247.0,0.0292,2026-08-31
75208,Dallas,Dallas County,409987.0,411066.0,-0.0026,2026-08-31
75209,Dallas,Dallas County,1066173.0,1014328.0,0.0511,2026-08-31
75210,Dallas,Dallas County,147686.0,153151.0,-0.0357,2026-08-31
75211,Cockrell Hill,Dallas County,226104.0,236253.0,-0.043,2026-08-31
75212,Dallas,Dallas County,246996.0,250954.0,-0.0158,2026-08-31
75214,Dallas,Dallas County,841168.0,807816.0,0.0413,2026-08-31
75215,Dallas,Dallas County,173515.0,185765.0,-0.0659,2026-08-31
75216,Dallas,Dallas County,171089.0,180842.0,-0.0539,2026-08-31
75217,Dallas,Dallas County,197986.0,201572.0,-0.0178,2026-08-31
75218,Dallas,Dallas County,549005.0,536330.0,0.0236,2026-08-31
75219,Dallas,Dallas County,416106.0,417002.0,-0.0021,2026-08-31
75220,Dallas,Dallas County,527437.0,494601.0,0.0664,2026-08-31
75223,Dallas,Dallas County,255910.0,258884.0,-0.0115,2026-08-31
75224,Dallas,Dallas County,230025.0,235607.0,-0.0237,2026-08-31
75225,University Park,Dallas County,2094671.0,1931827.0,0.0843,2026-08-31
75226,Dallas,Dallas County,308747.0,307110.0,0.0053,2026-08-31
75227,Dallas,Dallas County,222878.0,227468.0,-0.0202,2026-08-31
75228,Dallas,Dallas County,275181.0,281856.0,-0.0237,2026-08-31
75229,Dallas,Dallas County,744573.0,701637.0,0.0612,2026-08-31
75230,Dallas,Dallas County,1066305.0,1009183.0,0.0566,2026-08-31
75231,Dallas,Dallas County,294517.0,301908.0,-0.0245,2026-08-31
75232,Dallas,Dallas County,236019.0,242291.0,-0.0259,2026-08-31
75233,Dallas,Dallas County,284371.0,289218.0,-0.0168,2026-08-31
75234,Farmers Branch,Dallas County,360937.0,354917.0,0.017,2026-08-31
75235,Dallas,Dallas County,280008.0,284434.0,-0.0156,2026-08-31
75236,Dallas,Dallas County,271850.0,277346.0,-0.0198,2026-08-31
75237,Dallas,Dallas County,265704.0,271871.0,-0.0227,2026-08-31
75238,Dallas,Dallas County,636744.0,614215.0,0.0367,2026-08-31
75240,Dallas,Dallas County,395564.0,402715.0,-0.0178,2026-08-31
75241,Dallas,Dallas County,211235.0,217671.0,-0.0296,2026-08-31
75243,Dallas,Dallas County,295915.0,299473.0,-0.0119,2026-08-31
75244,Farmers Branch,Dallas County,726813.0,692006.0,0.0503,2026-08-31
75246,Dallas,Dallas County,381857.0,363984.0,0.0491,2026-08-31
75248,Dallas,Dallas County,630104.0,615873.0,0.0231,2026-08-31
75249,Dallas,Dallas County,285934.0,289697.0,-0.013,2026-08-31
75252,Dallas,Collin County,604773.0,613680.0,-0.0145,2026-08-31
75253,Dallas,Dallas County,257119.0,265310.0,-0.0309,2026-08-31
75254,Dallas,Dallas County,297477.0,309304.0,-0.0382,2026-08-31
75287,Dallas,Collin County,457915.0,472318.0,-0.0305,2026-08-31
75401,Greenville,Hunt County,201086.0,211167.0,-0.0477,2026-08-31
75402,Greenville,Hunt County,268298.0,275983.0,-0.0278,2026-08-31
75407,Princeton,Collin County,282653.0,314644.0,-0.1017,2026-08-31
75409,Anna,Collin County,336178.0,361313.0,-0.0696,2026-08-31
75422,Campbell,Hunt County,365624.0,372035.0,-0.0172,2026-08-31
75423,Celeste,Hunt County,376459.0,370426.0,0.0163,2026-08-31
75424,Blue Ridge,Collin County,441206.0,436730.0,0.0102,2026-08-31
75428,Commerce,Hunt County,213806.0,226815.0,-0.0574,2026-08-31
75442,Farmersville,Collin County,333650.0,347986.0,-0.0412,2026-08-31
75453,Lone Oak,Hunt County,299171.0,309102.0,-0.0321,2026-08-31
75454,Melissa,Collin County,422630.0,448583.0,-0.0579,2026-08-31
75474,Quinlan,Hunt County,250047.0,253160.0,-0.0123,2026-08-31
76001,Arlington,Tarrant County,349685.0,350390.0,-0.002,2026-08-31
76002,Arlington,Tarrant County,336648.0,339383.0,-0.0081,2026-08-31
76005,Arlington,Tarrant County,517271.0,528699.0,-0.0216,2026-08-31
76006,Arlington,Tarrant County,385267.0,382198.0,0.008,2026-08-31
76008,Aledo,Parker County,534219.0,541786.0,-0.014,2026-08-31
76009,Alvarado,Johnson County,317952.0,317318.0,0.002,2026-08-31
76010,Arlington,Tarrant County,235483.0,236539.0,-0.0045,2026-08-31
76011,Arlington,Tarrant County,261595.0,255810.0,0.0226,2026-08-31
76012,Arlington,Tarrant County,336297.0,339259.0,-0.0087,2026-08-31
76013,Arlington,Tarrant County,311244.0,313907.0,-0.0085,2026-08-31
76014,Arlington,Tarrant County,259400.0,261031.0,-0.0062,2026-08-31
76015,Arlington,Tarrant County,280488.0,282923.0,-0.0086,2026-08-31
76016,Arlington,Tarrant County,342698.0,345105.0,-0.007,2026-08-31
76017,Arlington,Tarrant County,314095.0,316524.0,-0.0077,2026-08-31
76018,Arlington,Tarrant County,288332.0,291532.0,-0.011,2026-08-31
76020,Azle,Parker County,332972.0,333707.0,-0.0022,2026-08-31
76021,Bedford,Tarrant County,398711.0,393723.0,0.0127,2026-08-31
76022,Bedford,Tarrant County,319814.0,317410.0,0.0076,2026-08-31
76023,Boyd,Wise County,371936.0,375329.0,-0.009,2026-08-31
76028,Burleson,Johnson County,338069.0,341032.0,-0.0087,2026-08-31
76031,Cleburne,Johnson County,277504.0,285511.0,-0.028,2026-08-31
76033,Cleburne,Johnson County,270306.0,277438.0,-0.0257,2026-08-31
76034,Colleyville,Tarrant County,918894.0,885884.0,0.0373,2026-08-31
76036,Crowley,Tarrant County,314440.0,322996.0,-0.0265,2026-08-31
76039,Euless,Tarrant County,361557.0,360107.0,0.004,2026-08-31
76040,Euless,Tarrant County,355769.0,358247.0,-0.0069,2026-08-31
76044,Godley,Johnson County,431887.0,433525.0,-0.0038,2026-08-31
76050,Grandview,Johnson County,406723.0,392008.0,0.0375,2026-08-31
76051,Grapevine,Tarrant County,548998.0,537433.0,0.0215,2026-08-31
76052,Haslet,Tarrant County,391354.0,402007.0,-0.0265,2026-08-31
76053,Hurst,Tarrant County,302120.0,301824.0,0.001,2026-08-31
76054,Hurst,Tarrant County,424133.0,413226.0,0.0264,2026-08-31
76058,Joshua,Johnson County,356591.0,358000.0,-0.0039,2026-08-31
76059,Keene,Johnson County,254281.0,260969.0,-0.0256,2026-08-31
76060,Kennedale,Tarrant County,387022.0,386148.0,0.0023,2026-08-31
76063,Mansfield,Tarrant County,439727.0,441215.0,-0.0034,2026-08-31
76064,Maypearl,Ellis County,375093.0,366678.0,0.0229,2026-08-31
76065,Midlothian,Ellis County,456191.0,457937.0,-0.0038,2026-08-31
76066,Millsap,Parker County,434479.0,419841.0,0.0349,2026-08-31
76071,Newark,Wise County,300772.0,311562.0,-0.0346,2026-08-31
76073,Paradise,Wise County,454068.0,454030.0,0.0001,2026-08-31
76078,Rhome,Wise County,367627.0,372870.0,-0.0141,2026-08-31
76082,Springtown,Parker County,390847.0,388786.0,0.0053,2026-08-31
76084,Venus,Johnson County,389723.0,396509.0,-0.0171,2026-08-31
76085,Weatherford,Parker County,467433.0,463944.0,0.0075,2026-08-31
76086,Weatherford,Parker County,277289.0,284328.0,-0.0248,2026-08-31
76087,Weatherford,Parker County,456710.0,454463.0,0.0049,2026-08-31
76088,Weatherford,Parker County,469089.0,464564.0,0.0097,2026-08-31
76092,Southlake,Tarrant County,1311813.0,1260832.0,0.0404,2026-08-31
76093,Rio Vista,Johnson County,294503.0,296738.0,-0.0075,2026-08-31
76102,Fort Worth,Tarrant County,273687.0,286154.0,-0.0436,2026-08-31
76103,Fort Worth,Tarrant County,222660.0,224060.0,-0.0062,2026-08-31
76104,Fort Worth,Tarrant County,187757.0,188860.0,-0.0058,2026-08-31
76105,Fort Worth,Tarrant County,166865.0,177882.0,-0.0619,2026-08-31
76106,Fort Worth,Tarrant County,187273.0,186008.0,0.0068,2026-08-31
76107,Fort Worth,Tarrant County,363670.0,365438.0,-0.0048,2026-08-31
76108,Fort Worth,Tarrant County,283417.0,289571.0,-0.0213,2026-08-31
76109,Fort Worth,Tarrant County,688194.0,652835.0,0.0542,2026-08-31
76110,Fort Worth,Tarrant County,215820.0,222890.0,-0.0317,2026-08-31
76111,Fort Worth,Tarrant County,215659.0,222748.0,-0.0318,2026-08-31
76112,Fort Worth,Tarrant County,245486.0,247878.0,-0.0096,2026-08-31
76114,River Oaks,Tarrant County,235218.0,234424.0,0.0034,2026-08-31
76115,Fort Worth,Tarrant County,182031.0,185136.0,-0.0168,2026-08-31
76116,Fort Worth,Tarrant County,295476.0,295683.0,-0.0007,2026-08-31
76117,Haltom City,Tarrant County,232013.0,239640.0,-0.0318,2026-08-31
76118,Fort Worth,Tarrant County,324531.0,325244.0,-0.0022,2026-08-31
76119,Fort Worth,Tarrant County,197421.0,201387.0,-0.0197,2026-08-31
76120,Fort Worth,Tarrant County,318691.0,320989.0,-0.0072,2026-08-31
76123,Fort Worth,Tarrant County,295854.0,305521.0,-0.0316,2026-08-31
76126,Benbrook,Tarrant County,389901.0,386885.0,0.0078,2026-08-31
76131,Saginaw,Tarrant County,333004.0,339958.0,-0.0205,2026-08-31
76132,Fort Worth,Tarrant County,444659.0,440876.0,0.0086,2026-08-31
76133,Fort Worth,Tarrant County,259633.0,263739.0,-0.0156,2026-08-31
76134,Fort Worth,Tarrant County,247522.0,249852.0,-0.0093,2026-08-31
76135,Fort Worth,Tarrant County,280682.0,280853.0,-0.0006,2026-08-31
76137,Fort Worth,Tarrant County,317519.0,319897.0,-0.0074,2026-08-31
76140,Everman,Tarrant County,248576.0,253777.0,-0.0205,2026-08-31
76148,Watauga,Tarrant County,270278.0,272770.0,-0.0091,2026-08-31
76164,Fort Worth,Tarrant County,188081.0,189462.0,-0.0073,2026-08-31
76177,Fort Worth,Tarrant County,370539.0,376993.0,-0.0171,2026-08-31
76179,Fort Worth,Tarrant County,317745.0,325954.0,-0.0252,2026-08-31
76180,North Richland Hills,Tarrant County,337056.0,335900.0,0.0034,2026-08-31
76182,North Richland Hills,Tarrant County,413540.0,409431.0,0.01,2026-08-31
76201,Denton,Denton County,273555.0,278523.0,-0.0178,2026-08-31
76205,Denton,Denton County,355955.0,367016.0,-0.0301,2026-08-31
76207,Denton,Denton County,347751.0,363927.0,-0.0444,2026-08-31
76208,Denton,Denton County,401355.0,409958.0,-0.021,2026-08-31
76209,Denton,Denton County,285573.0,295352.0,-0.0331,2026-08-31
76210,Corinth,Denton County,386661.0,397199.0,-0.0265,2026-08-31
76225,Alvord,Wise County,363461.0,357537.0,0.0166,2026-08-31
76226,Argyle,Denton County,574948.0,585589.0,-0.0182,2026-08-31
76227,Aubrey,Denton County,350781.0,377366.0,-0.0704,2026-08-31
76234,Decatur,Wise County,431127.0,426348.0,0.0112,2026-08-31
76244,Fort Worth,Tarrant County,381034.0,384183.0,-0.0082,2026-08-31
76247,Justin,Denton County,400133.0,413051.0,-0.0313,2026-08-31
76248,Keller,Tarrant County,590270.0,589321.0,0.0016,2026-08-31
76249,Krum,Denton County,340762.0,351105.0,-0.0295,2026-08-31
76258,Pilot Point,Denton County,326489.0,348097.0,-0.0621,2026-08-31
76259,Ponder,Denton County,355527.0,362389.0,-0.0189,2026-08-31
76262,Roanoke,Denton County,610039.0,614489.0,-0.0072,2026-08-31
76266,Sanger,Denton County,353593.0,359607.0,-0.0167,2026-08-31
76270,Alvord,Montague County,484564.0,492429.0,-0.016,2026-08-31
76426,Chico,Wise County,286248.0,291703.0,-0.0187,2026-08-31
76431,Chico,Wise County,363724.0,362014.0,0.0047,2026-08-31
76486,Perrin,Jack County,375870.0,368283.0,0.0206,2026-08-31
76487,Poolville,Parker County,458689.0,452415.0,0.0139,2026-08-31
76651,Italy,Ellis County,260249.0,255950.0,0.0168,2026-08-31
76670,Italy,Ellis County,257834.0,255598.0,0.0087,2026-08-31
